Altium Designer Pick and Place Locations
E:\!Israel_Netanel_CM4\Altium\REV2\Project Outputs for CM4_LCD_REV2\Pick Place for CM4_LCD_board_REV2(CM4_STD).csv

========================================================================================================================
File Design Information:

Date:       16-12-20
Time:       01:29
Revision:   Not in VersionControl
Variant:    CM4_STD
Units used: mm

"Designator","Comment","Center-X(mm)","Center-Y(mm)","Layer","Rotation","Footprint","Description"
"J6","WE 687 140 145 22","35.0000","20.0000","TopLayer","360","PCB_BLANK_COMP_SMD","BOM list; Connector;"
"J3","Mezzanine, 100pin, 1.5mm","37.5000","31.0500","TopLayer","360","PCB_BLANK_COMP_SMD","BOM list; Connector;"
"J2","Mezzanine, 100pin, 1.5mm","37.5000","64.9600","TopLayer","360","PCB_BLANK_COMP_SMD","BOM list; Connector;"
"J1","CON HDR 1x2","65.2500","14.0500","TopLayer","360","CON_HDR_P254_1X02_STR","Connector; Pin Header; 1 x 2 pins; 2.54mm; Male; TBD; TBD; THT; THT;"
"MOD1","RPi CM4 Module","37.5000","48.0000","TopLayer","270","MOD_RPI_CM4_P40_C150_A2","PCB Module; RPi Compute Module 4;"
"R18","33R","43.0500","25.7500","TopLayer","0","RES_YC124_R","Resistor; Fixed; Array X4;"
"R17","33R","40.3500","25.7500","TopLayer","0","RES_YC124_R","Resistor; Fixed; Array X4;"
"R16","33R","37.6500","25.7500","TopLayer","0","RES_YC124_R","Resistor; Fixed; Array X4;"
"R15","33R","34.9500","25.7500","TopLayer","0","RES_YC124_R","Resistor; Fixed; Array X4;"
"R14","33R","32.2500","25.7500","TopLayer","0","RES_YC124_R","Resistor; Fixed; Array X4;"
"R13","33R","29.5500","25.7500","TopLayer","0","RES_YC124_R","Resistor; Fixed; Array X4;"
"R12","33R","26.8500","25.7500","TopLayer","0","RES_YC124_R","Resistor; Fixed; Array X4;"
"MECH4","M2.5, WE 977 401 515 1","59.0000","31.5000","TopLayer","0","PCB_WRT_9774015151","PCB; Mechanical; SMT Steel Spacer; M2.5;"
"MECH3","M2.5, WE 977 401 515 1","11.0000","31.5000","TopLayer","0","PCB_WRT_9774015151","PCB; Mechanical; SMT Steel Spacer; M2.5;"
"MECH1","M2.5, WE 977 401 515 1","59.0000","64.5000","TopLayer","0","PCB_WRT_9774015151","PCB; Mechanical; SMT Steel Spacer; M2.5;"
"MECH2","M2.5, WE 977 401 515 1","11.0000","64.5000","TopLayer","0","PCB_WRT_9774015151","PCB; Mechanical; SMT Steel Spacer; M2.5;"
"U3","RClamp0522P.TCT","8.7589","72.5535","TopLayer","90","ICC_SLP1610P4_160X100X60_P50_R","IC; TVS Arrays;"
"R6","1k","53.3000","11.1500","TopLayer","360","RES_0402_R","Resistor; Thick Film; 1k; 1%; 62.5mW; 100PPM; 50V; Standard; SMD; 0402 (1005);"
"U2","AP3032","57.1500","19.2500","TopLayer","180","PKG_SOT23-6","ICC; Step-up Converter;"
"LED3","Green","50.8000","11.1500","TopLayer","360","LED_0805_GRN_R","Diode; LED; Green;"
"FUS1","3A","57.9500","7.7500","TopLayer","180","FUS_1812_PTC_R","Fuse"
"U1","74LVC2G17 (SOT363)","16.3500","23.3000","TopLayer","90","ICC_SOT363_SC70-6_TSSOP6_P65_R","IC; Schmitt Trigger Buffer;"
"R46","2k2","1.9000","61.2000","TopLayer","270","RES_0402_R","Resistor; Thick Film; 2k2; 1%; 62.5mW; 100PPM; 50V; Standard; SMD; 0402 (1005);"
"R45","2k2","2.8000","61.2000","TopLayer","90","RES_0402_R","Resistor; Thick Film; 2k2; 1%; 62.5mW; 100PPM; 50V; Standard; SMD; 0402 (1005);"
"R22","4.7k","20.0500","18.6500","TopLayer","180","RES_0402_R","Resistor; Thick Film; 4.7k; 1%; 62.5mW; 100PPM; 50V; Standard; SMD; 0402 (1005);"
"R21","4.7k","20.0500","17.7000","TopLayer","180","RES_0402_R","Resistor; Thick Film; 4.7k; 1%; 62.5mW; 100PPM; 50V; Standard; SMD; 0402 (1005);"
"R20","4.7k","20.0500","19.6000","TopLayer","180","RES_0402_R","Resistor; Thick Film; 4.7k; 1%; 62.5mW; 100PPM; 50V; Standard; SMD; 0402 (1005);"
"R19","4.7k","49.2500","20.5500","TopLayer","90","RES_0402_R","Resistor; Thick Film; 4.7k; 1%; 62.5mW; 100PPM; 50V; Standard; SMD; 0402 (1005);"
"R11","4R7","56.2000","22.2500","TopLayer","270","RES_0402_R","Resistor; Thick Film; GENERIC; TBD; TBD; TBD; TBD; TBD; SMD; 0402 (1005);"
"R10","4.7k","45.0000","25.7500","TopLayer","90","RES_0402_R","Resistor; Thick Film; 4.7k; 1%; 62.5mW; 100PPM; 50V; Standard; SMD; 0402 (1005);"
"R5","10k","18.9000","22.2000","TopLayer","90","RES_0402_R","Resistor; Thick Film; 10k; 1%; 62.5mW; 100PPM; 50V; Standard; SMD; 0402 (1005);"
"R4","10k","18.9000","24.4000","TopLayer","270","RES_0402_R","Resistor; Thick Film; 10k; 1%; 62.5mW; 100PPM; 50V; Standard; SMD; 0402 (1005);"
"R2","1k","10.2000","24.6000","TopLayer","270","RES_0402_R","Resistor; Thick Film; 1k; 1%; 62.5mW; 100PPM; 50V; Standard; SMD; 0402 (1005);"
"R1","1k","10.2000","22.1000","TopLayer","90","RES_0402_R","Resistor; Thick Film; 1k; 1%; 62.5mW; 100PPM; 50V; Standard; SMD; 0402 (1005);"
"Q1","DTC143ZE","4.6000","61.1500","TopLayer","270","PKG_SOT523_SC75_SOT416_P100_R","Transistor; BJT; NPN; Digital;"
"LED2","Green","12.3000","25.0500","TopLayer","180","LED_0805_GRN_R","Diode; LED; Green;"
"LED1","Red","12.3000","21.6500","TopLayer","180","LED_0805_RED_R","Diode; LED; Red;"
"L1","6u8","64.1000","18.8500","TopLayer","90","IND_BRN_SRN4018_400X400H180_R","Inductor; Power Inductor; 6u8; TBD; TBD; TBD; TBD; SMD; TBD;"
"D2","SMF5.0A","57.4000","11.1500","TopLayer","360","DIO_SOD123F_R","Diode; Schottky; Unipolar;"
"D1","1N5819","60.4000","19.0000","TopLayer","90","DIO_SOD123F_R","Diode; Schottky; Unipolar;"
"C9","100uF/6V3","57.5000","4.5500","TopLayer","180","CAP_1206_R","Capacitor; MLCC; GENERIC; TBD; TBD; TBD; TBD; SMD; 1206 (3216);"
"C8","100nF","43.8000","24.1000","TopLayer","180","CAP_0402_R","Capacitor; MLCC; 100nF; 16VDC; X7R; 10%; Standard; SMD; 0402 (1005);"
"C7","100nF","25.3000","24.1500","TopLayer","360","CAP_0402_R","Capacitor; MLCC; 100nF; 16VDC; X7R; 10%; Standard; SMD; 0402 (1005);"
"C6","1uF/50V","56.4000","16.3000","TopLayer","360","CAP_0603_R","Capacitor; MLCC; 1uF; TBD; TBD; TBD; TBD; SMD; 0603 (1608);"
"C5","10uF/10V","58.5000","15.5500","TopLayer","90","CAP_0603_R","Capacitor; MLCC; 10uF; 10VDC; X5R; 10%; Standard; SMD; 0603 (1608);"
"C4","100nF","12.9000","23.3000","TopLayer","360","CAP_0402_R","Capacitor; MLCC; 100nF; 16VDC; X7R; 10%; Standard; SMD; 0402 (1005);"
"J9","WE 632 722 110 112","65.0000","6.5000","TopLayer","270","CON_WRT_632722110112","Connector; USB 3.1 Type C; Receptacle; 24-pin;"
"J7","TC2030-USB-NL","3.6000","68.3500","TopLayer","90","PCB_TGC_TC2030_NOLEGS","Cable; Tag-Connect; USB Type A;"
"J5","CTL720720C01A","35.0000","21.6300","BottomLayer","180","LCD_CTE_CTL720720C01A_A4","Display; LCD RGB;"
"J4","WE 687 122 145 22","34.6000","70.7300","TopLayer","180","CON_WRT_68712214522_REV","Connector; FFC/FPC; 1 x 22 pins; 22pin; 0.5mm; TBD; TBD; TBD; SMD; FFC/FPC;"
